solved,puzzle_date,day_of_week,time_taken,completed_at_et,constructor
True,2022-05-11,Wednesday,739,1652669240,Michael Paleos
True,2022-05-12,Thursday,1012,1652322943,Ross Trudeau
True,2022-06-06,Monday,476,1654487319,Michael Schlossberg
True,2022-06-08,Wednesday,1005,1654734236,Bruce Haight
True,2022-06-09,Thursday,1072,1654743666,Dan Ziring
True,2023-01-27,Friday,946,1695946590,Joe Deeney
True,2023-01-28,Saturday,851,1688398340,Kevin Christian
True,2023-02-03,Friday,1075,1687922580,Barbara Lin
True,2023-02-04,Saturday,1127,1687916567,Kate Hawkins
True,2023-02-10,Friday,1268,1687789901,Kavin Pawittranon and Nijah Morris
True,2023-02-11,Saturday,1097,1687456534,Sam Ezersky
True,2023-02-17,Friday,789,1687374964,Jem Burch
True,2023-02-18,Saturday,1735,1687281498,Kameron Austin Collins
True,2023-02-24,Friday,1160,1687207311,Margaret Seikel and Sophia Maymudes
True,2023-02-25,Saturday,2376,1687142558,Trent H. Evans
True,2023-03-02,Thursday,823,1737583005,Malaika Handa
True,2023-03-03,Friday,988,1686792951,Eric Warren
True,2023-03-04,Saturday,1543,1686789536,Ryan McCarty
True,2023-03-09,Thursday,1231,1735867816,Simeon Seigel
True,2023-03-10,Friday,723,1686704524,Claire Rimkus
True,2023-03-11,Saturday,3361,1686685446,Tom Pepper
True,2023-03-16,Thursday,571,1734385233,Rebecca Goldstein
True,2023-03-17,Friday,808,1734284200,Carter Cobb
True,2023-03-18,Saturday,784,1686601957,Ada Nicolle
True,2023-03-23,Thursday,1062,1734306952,David Kwong
True,2023-03-24,Friday,1014,1679869635,Blake Slonecker
True,2023-03-25,Saturday,944,1679876422,Robyn Weintraub
True,2023-03-30,Thursday,801,1734302816,Adam Wagner and Brooke Husic
True,2023-03-31,Friday,4289,1686539283,Rich Norris
True,2023-04-01,Saturday,1750,1686249176,Wyna Liu and Joel Fagliano
True,2023-04-07,Friday,1551,1686021716,Lindsey Hobbs
True,2023-04-08,Saturday,1729,1685918099,Sid Sivakumar
True,2023-04-14,Friday,951,1685906449,Billy Bratton and Clay Haddock
True,2023-04-15,Saturday,1918,1685853159,Kameron Austin Collins
True,2023-04-21,Friday,893,1685840978,Erica Hsiung Wojcik and Matthew Stock
True,2023-04-22,Saturday,1727,1685839984,Byron Walden
True,2023-04-28,Friday,1431,1684970606,Malaika Handa and Erik Agard
True,2023-04-29,Saturday,985,1684544502,David Steinberg
True,2023-05-04,Thursday,1567,1695222321,David J. Kahn
True,2023-05-05,Friday,1508,1686189044,Jacob McDermott
True,2023-05-06,Saturday,829,1686105278,Carter Cobb
True,2023-05-11,Thursday,823,1695245863,Sheldon Polonsky
True,2023-05-12,Friday,888,1683902088,Enrique Henestroza Anguiano
True,2023-05-13,Saturday,665,1683992623,Spencer Leach
True,2023-05-18,Thursday,1314,1689280927,Kiran Pandey
True,2023-05-19,Friday,819,1684466822,David Distenfeld
True,2023-05-20,Saturday,1023,1684799346,Erica Hsiung Wojcik
True,2023-05-26,Friday,1076,1685147129,Hemant Mehta
True,2023-05-27,Saturday,1523,1685652660,Samuel Smalley
True,2023-06-01,Thursday,1371,1685588258,David and Karen and Paul Steinberg
True,2023-06-02,Friday,755,1685732929,John Ewbank
True,2023-06-03,Saturday,1040,1685808199,John Westwig
True,2023-06-08,Thursday,855,1686245382,Philip Koski
True,2023-06-09,Friday,717,1686323389,Robyn Weintraub
True,2023-06-10,Saturday,1878,1686414174,John Hawksley
True,2023-06-15,Thursday,785,1686847516,David Harris
True,2023-06-16,Friday,1381,1686930124,Natan Last and the J.A.S.A. Crossword Class
True,2023-06-17,Saturday,2498,1687106255,Ryan McCarty
True,2023-06-22,Thursday,1206,1687401069,Michael Baker and Jeff Chen
True,2023-06-23,Friday,722,1687537618,Kunal Nabar
True,2023-06-24,Saturday,1422,1687621460,Spencer Leach and Quiara Vasquez
True,2023-06-28,Wednesday,753,1687998863,Matt Fuchs and Victor Sloan
True,2023-06-29,Thursday,970,1688072407,Simeon Seigel
True,2023-06-30,Friday,580,1688158605,Carly Schuna
True,2023-07-01,Saturday,840,1688223894,Ben Tolkin
True,2023-07-05,Wednesday,689,1688578322,Joe Deeney
True,2023-07-06,Thursday,712,1688660389,Alison Perch
True,2023-07-07,Friday,1100,1688777887,Adrian Johnson
True,2023-07-08,Saturday,558,1688838698,Brandon Koppy
True,2023-07-13,Thursday,748,1689264774,Hanh Huynh
True,2023-07-14,Friday,1226,1689692513,Jonathan Kaufman
True,2023-07-15,Saturday,1099,1689710565,Jeff Chen
True,2023-07-19,Wednesday,585,1689906138,Billy Bratton
True,2023-07-20,Thursday,1313,1690128715,Drew Schmenner
True,2023-07-21,Friday,565,1690073236,Robyn Weintraub
True,2023-07-22,Saturday,2175,1690078430,Robert Logan
True,2023-07-27,Thursday,764,1690487345,Guilherme Gilioli
True,2023-07-28,Friday,1208,1690571834,Rafael Musa and Hoang-Kim Vu
True,2023-07-29,Saturday,3177,1690824345,Sam Ezersky
True,2023-08-02,Wednesday,546,1692225793,Barbara Lin
True,2023-08-03,Thursday,1037,1691092809,Simeon Seigel
True,2023-08-04,Friday,983,1691204690,Brandon Koppy
True,2023-08-05,Saturday,1100,1691251010,John Guzzetta
True,2023-08-09,Wednesday,719,1692224865,Caryn Robbins and Matthew Stock
True,2023-08-10,Thursday,1602,1691700304,Natan Last and the J.A.S.A. Crossword Class
True,2023-08-11,Friday,828,1691864777,John-Clark Levin
True,2023-08-12,Saturday,594,1691865539,Rachel Fabi and Christina Iverson
True,2023-08-16,Wednesday,1156,1692224159,Mangesh Ghogre and Brendan Emmett Quigley
True,2023-08-18,Friday,1074,1692501049,Kameron Austin Collins
True,2023-08-19,Saturday,1440,1692474384,David P. Williams
True,2023-08-24,Thursday,836,1693072233,Robin Yu
True,2023-08-25,Friday,953,1693087857,Rafael Musa
True,2023-08-26,Saturday,1608,1693191213,Adrian Johnson
True,2023-08-31,Thursday,672,1693539921,Freddie Cheng
True,2023-09-01,Friday,800,1693632392,Robert Logan
True,2023-09-07,Thursday,491,1694561406,Ryan Patrick Smith
True,2023-09-08,Friday,828,1694225759,Rachel Fabi and Ken Stern
True,2023-09-09,Saturday,2158,1694274896,Robert S. Gard
True,2023-09-14,Thursday,1092,1694732019,Vasu Seralathan
True,2023-09-15,Friday,1264,1694791910,David A. Rubin and Lee Demertzis
True,2023-09-16,Saturday,1321,1694905690,Jonathan Kaufman
True,2023-09-21,Thursday,1860,1696209388,Dan Caprera
True,2023-09-22,Friday,1223,1695480594,Rafael Musa and Michael Lieberman
True,2023-09-23,Saturday,1410,1695483587,Robert Charlton
True,2023-09-27,Wednesday,463,1695834471,Scott Koenig
True,2023-09-28,Thursday,615,1695928864,Ricky Cruz
True,2023-09-29,Friday,728,1695964478,Malaika Handa
True,2023-09-30,Saturday,693,1696090278,Ahmed  Bayoumi
True,2023-10-05,Thursday,917,1696558894,Daniel Bodily
True,2023-10-06,Friday,1093,1696601612,Zhouqin Burnikel and Tom Pepper
True,2023-10-07,Saturday,1047,1696800134,Alex Vratsanos
True,2023-10-12,Thursday,1169,1697080814,John Nagamichi Cho
True,2023-10-13,Friday,821,1697258350,John-Clark Levin
True,2023-10-14,Saturday,2143,1697296714,Byron Walden
True,2023-10-19,Thursday,1369,1697987595,Colin Ernst
True,2023-10-20,Friday,1168,1698194271,Jacob McDermott
True,2023-10-26,Thursday,858,1698372427,John Donegan
True,2023-10-27,Friday,644,1698380195,Adrian Johnson
True,2023-11-01,Wednesday,899,1698885541,Steve Weyer
True,2023-11-02,Thursday,659,1698974042,Chase Dittrich and Christina Iverson
True,2023-11-03,Friday,1435,1699124454,Robyn Weintraub
True,2023-11-04,Saturday,1980,1699145259,David P. Williams
True,2023-11-09,Thursday,1086,1699637616,Simeon Seigel
True,2023-11-10,Friday,802,1699715314,Kate Hawkins
True,2023-11-11,Saturday,577,1699817889,Blake Slonecker
True,2023-11-16,Thursday,1117,1700193689,Paolo Pasco
True,2023-11-17,Friday,657,1700284378,Hemant Mehta
True,2023-11-18,Saturday,957,1700349732,Hoang-Kim Vu
True,2023-11-24,Friday,654,1700850389,Rafael Musa
True,2023-11-25,Saturday,1853,1701019632,Jeff Stillman
True,2023-11-30,Thursday,692,1701405779,Jeffrey Martinovic and Jeff Chen
True,2023-12-01,Friday,674,1701475850,Jem Burch
True,2023-12-02,Saturday,851,1701568485,Royce Ferguson
True,2023-12-06,Wednesday,570,1738713823,Peter A. Collins and Bruce Haight
True,2023-12-07,Thursday,743,1701999542,Rebecca Goldstein
True,2023-12-08,Friday,952,1702155601,Robert Logan
True,2023-12-09,Saturday,1172,1703877356,Doug Peterson and Christina Iverson
True,2023-12-13,Wednesday,505,1739395465,Alex Eaton-Salners
True,2023-12-14,Thursday,1053,1702605656,Esha Datta
True,2023-12-15,Friday,1403,1702657286,Alex Tomlinson
True,2023-12-16,Saturday,1538,1702745547,Garrett Chalfin
True,2023-12-21,Thursday,914,1720654647,David Steinberg
True,2023-12-22,Friday,1192,1703343379,Brooke Husic and Brendan Emmett Quigley
True,2023-12-23,Saturday,1130,1703431360,Will Nediger
True,2023-12-28,Thursday,851,1703873965,Kiran Pandey
True,2023-12-29,Friday,579,1703874577,Robyn Weintraub
True,2023-12-30,Saturday,897,1703949891,Simeon Seigel
True,2024-01-03,Wednesday,513,1735603084,Jared Goudsmit
True,2024-01-04,Thursday,881,1704396069,Chase Dittrich and Christina Iverson
True,2024-01-05,Friday,1000,1704505484,David P. Williams
True,2024-01-06,Saturday,679,1716866617,Ben Tolkin and Julian Xiao
True,2024-01-10,Wednesday,489,1738189583,Chloe Revery and Alissa Revness
True,2024-01-11,Thursday,671,1720223192,Damon Gulczynski
True,2024-01-12,Friday,1305,1720326334,Hemant Mehta
True,2024-01-13,Saturday,722,1705453365,Hoang-Kim Vu
True,2024-01-17,Wednesday,899,1738351369,Morton J. Mendelson
True,2024-01-18,Thursday,864,1720662726,Jon Michnovicz and Carl Michnovicz
True,2024-01-19,Friday,1352,1720749985,Jacob McDermott
True,2024-01-20,Saturday,1170,1720756562,Caitlin Reid and Matthew Stock
True,2024-01-24,Wednesday,374,1738353688,John-Clark Levin
True,2024-01-25,Thursday,830,1720980849,Sam Ezersky
True,2024-01-26,Friday,788,1720996961,Sarah Sinclair and Rafael Musa
True,2024-01-27,Saturday,972,1721005420,Grace Warrington and Greg Warrington
True,2024-01-31,Wednesday,591,1738363211,Nathan Hale
True,2024-02-01,Thursday,965,1720410235,Simeon Seigel
True,2024-02-02,Friday,839,1720411258,Ryan Judge
True,2024-02-03,Saturday,1139,1720457424,Carolyn Davies Lynch and Jeff Chen
True,2024-02-07,Wednesday,734,1735592876,Daniel Mauer
True,2024-02-08,Thursday,1082,1720501212,Samuel A. Donaldson
True,2024-02-09,Friday,1158,1720544134,Christina Iverson
True,2024-02-10,Saturday,1097,1721061133,Zhouqin Burnikel
True,2024-02-14,Wednesday,682,1734982616,Ella Dershowitz
True,2024-02-15,Thursday,1377,1721229289,Teddy Katz and Rich Katz
True,2024-02-16,Friday,896,1721230201,Colin Adams
True,2024-02-17,Saturday,979,1721672225,Spencer Leach and Jem Burch
True,2024-02-21,Wednesday,595,1734645743,Jeffrey Martinovic
True,2024-02-22,Thursday,1175,1732554210,Dan Schoenholz
True,2024-02-23,Friday,1262,1732487517,Larry Snyder
True,2024-02-24,Saturday,1134,1732496964,Rebecca Goldstein and Rafael Musa
True,2024-02-28,Wednesday,369,1734378066,Greg Snitkin
True,2024-02-29,Thursday,895,1732555966,Esha Datta
True,2024-03-01,Friday,1119,1732147412,Julian Xiao
True,2024-03-02,Saturday,1504,1732145005,Natan Last
True,2024-03-06,Wednesday,455,1734147204,Brad Wiegmann
True,2024-03-07,Thursday,781,1734144525,Joe O'Neill
True,2024-03-08,Friday,2158,1732068607,Jackson Matz
True,2024-03-09,Saturday,1048,1732052481,John Guzzetta
True,2024-03-13,Wednesday,409,1733963456,Drew Schmenner
True,2024-03-14,Thursday,494,1733962967,Jeffrey Martinovic
True,2024-03-15,Friday,1047,1732047614,Daniel Grinberg
True,2024-03-16,Saturday,812,1731966535,Carly Schuna
True,2024-03-20,Wednesday,514,1733881782,E. M. Capassakis
True,2024-03-21,Thursday,1113,1733865888,Joe Marquez
True,2024-03-22,Friday,910,1731902295,Mansi Kothari and Erik Agard
True,2024-03-23,Saturday,1681,1731889460,Sam Ezersky
True,2024-03-27,Wednesday,419,1733703854,Rich Katz
True,2024-03-28,Thursday,687,1733703144,Dominic Grillo
True,2024-03-29,Friday,754,1731885124,Jake Bunch
True,2024-03-30,Saturday,1817,1731868795,Blake Slonecker
True,2024-04-03,Wednesday,450,1733601708,Alex Eaton-Salners
True,2024-04-04,Thursday,775,1732736932,Kevin Curry
True,2024-04-05,Friday,920,1731808678,Rebecca Goldstein
True,2024-04-06,Saturday,4016,1731775272,Byron Walden
True,2024-04-10,Wednesday,1037,1733601243,Bill Thompson
True,2024-04-11,Thursday,690,1733534909,Dan Caprera
True,2024-04-12,Friday,1541,1730560815,Evan Kalish
True,2024-04-13,Saturday,1636,1730428464,Jess Rucks
True,2024-04-17,Wednesday,449,1733519136,Joseph Gangi
True,2024-04-18,Thursday,1223,1733518671,David Kwong
True,2024-04-19,Friday,716,1730416705,Kate Hawkins
True,2024-04-20,Saturday,1300,1730345534,Garrett Chalfin and Andrew Kingsley
True,2024-04-24,Wednesday,896,1733537381,Jeffrey Martinovic
True,2024-04-26,Friday,1058,1730062096,Matthew Stock and Christina Iverson
True,2024-04-27,Saturday,2860,1730055667,Rich Norris
True,2024-05-01,Wednesday,463,1733265840,Juliana Tringali Golden
True,2024-05-02,Thursday,1145,1729784797,Brandon Koppy
True,2024-05-03,Friday,953,1729718063,Eli Cotham
True,2024-05-04,Saturday,1052,1729652218,Jacob McDermott
True,2024-05-08,Wednesday,542,1733264308,Michael Schlossberg
True,2024-05-09,Thursday,739,1729650916,Joe DiPietro
True,2024-05-10,Friday,791,1729642072,Jesse Cohn
True,2024-05-11,Saturday,1198,1729640756,Billy Bratton
True,2024-05-15,Wednesday,890,1733254891,MaryEllen Uthlaut
True,2024-05-16,Thursday,828,1729563589,Sara Muchnick
True,2024-05-17,Friday,564,1716866856,Hemant Mehta
True,2024-05-18,Saturday,1329,1716868208,Adrian Johnson
True,2024-05-22,Wednesday,819,1733194238,Martin Schneider
True,2024-05-23,Thursday,902,1729475430,Adam Wagner
True,2024-05-24,Friday,546,1729352561,Carolyn Davies Lynch
True,2024-05-25,Saturday,1586,1729547280,David P. Williams
True,2024-05-29,Wednesday,702,1733193408,Jeanne Breen and Jeff Chen
True,2024-05-30,Thursday,822,1729630863,Royce Ferguson
True,2024-05-31,Friday,954,1729548975,Aidan Deshong
True,2024-06-01,Saturday,1219,1728954114,Eric Warren
True,2024-06-06,Thursday,847,1729562717,Michael Lieberman
True,2024-06-07,Friday,1086,1728943597,Alice Liang and Christina Iverson
True,2024-06-08,Saturday,1043,1728850043,Daniel Sheremeta
True,2024-06-13,Thursday,1085,1729561826,Kevin Curry
True,2024-06-14,Friday,1496,1728835524,Robyn Weintraub
True,2024-06-15,Saturday,922,1728592374,Ryan Judge
True,2024-06-20,Thursday,913,1728589024,Ella Dershowitz
True,2024-06-21,Friday,708,1719090261,Billy Bratton
True,2024-06-22,Saturday,2606,1719073385,Hoang-Kim Vu
True,2024-06-26,Wednesday,530,1733949821,Rebecca Goldstein
True,2024-06-27,Thursday,927,1728587850,Paolo Pasco and Sarah Sinclair
True,2024-06-28,Friday,535,1719598483,Enrique Henestroza Anguiano
True,2024-06-29,Saturday,1267,1719768942,Adrian Johnson and Rafael Musa
True,2024-07-03,Wednesday,693,1733098243,Juliana Tringali Golden
True,2024-07-04,Thursday,620,1720137394,Adam Vincent
True,2024-07-05,Friday,704,1720208030,Trent H. Evans
True,2024-07-06,Saturday,1317,1720288744,Evans Clinchy
True,2024-07-10,Wednesday,706,1733086170,Hal Moore
True,2024-07-11,Thursday,977,1728527198,Mat Shelden
True,2024-07-12,Friday,678,1720796331,Malaika Handa
True,2024-07-13,Saturday,1581,1728179513,Eli Cotham
True,2024-07-17,Wednesday,624,1733085415,Alex Eaton-Salners
True,2024-07-18,Thursday,831,1728428129,Kareem Ayas
True,2024-07-19,Friday,650,1721415143,Jacob McDermott
True,2024-07-20,Saturday,1252,1721673616,Ricky J. Sirois
True,2024-07-24,Wednesday,480,1733084779,Shaun Phillips
True,2024-07-25,Thursday,864,1722705800,Damon Gulczynski
True,2024-07-26,Friday,718,1722706755,Andy Kravis
True,2024-07-27,Saturday,1968,1728341697,Barbara Lin and Matthew Stock
True,2024-07-31,Wednesday,548,1733084223,Jackson Matz and Ben Matz
True,2024-08-01,Thursday,752,1728146147,Rajeswari Rajamani
True,2024-08-02,Friday,2160,1728178291,Kate Chin Park
True,2024-08-03,Saturday,588,1728179012,Rich Norris
True,2024-08-07,Wednesday,971,1732999316,Meghan Morris
True,2024-08-08,Thursday,626,1727839366,Christopher Youngs
True,2024-08-09,Friday,578,1727837990,Hemant Mehta
True,2024-08-10,Saturday,1079,1727145474,Spencer Leach
True,2024-08-14,Wednesday,460,1732943293,Samuel A. Donaldson
True,2024-08-15,Thursday,1097,1727747346,Damon Gulczynski
True,2024-08-16,Friday,677,1723822418,Kate Hawkins
True,2024-08-17,Saturday,1142,1724470811,Brandon Koppy
True,2024-08-21,Wednesday,462,1732942670,Stacey Yaruss McCullough
True,2024-08-22,Thursday,868,1724469464,Brad Wiegmann
True,2024-08-23,Friday,709,1724380212,Taylor Johnson and Rafael Musa
True,2024-08-24,Saturday,1963,1724516606,Ryan McCarty
True,2024-08-28,Wednesday,535,1732935381,Jesse Goldberg
True,2024-08-29,Thursday,840,1727661322,Simeon Seigel
True,2024-08-30,Friday,686,1725224740,Colin Adams
True,2024-08-31,Saturday,1552,1727660392,Sam Ezersky
True,2024-09-04,Wednesday,553,1732934830,Kareem Ayas
True,2024-09-05,Thursday,1086,1725934525,Joe Deeney
True,2024-09-06,Friday,671,1725633234,Adrian Johnson
True,2024-09-07,Saturday,1128,1725742457,David P. Williams
True,2024-09-11,Wednesday,982,1732933021,Barbara Lin
True,2024-09-12,Thursday,586,1727144370,Parker Higgins
True,2024-09-13,Friday,704,1726246821,Boaz Moser
True,2024-09-14,Saturday,908,1726332976,Christina Iverson
True,2024-09-18,Wednesday,673,1732932001,Casey Callaghan and Will Nediger
True,2024-09-19,Thursday,943,1727060145,Josh Goodman
True,2024-09-20,Friday,881,1726955908,Jackson Matz
True,2024-09-21,Saturday,1121,1726975183,David Karp
True,2024-09-23,Monday,247,1731718271,Freddie Cheng
True,2024-09-24,Tuesday,311,1731718607,Kevin L. Shellito
True,2024-09-25,Wednesday,908,1732587987,Peter Gordon
True,2024-09-26,Thursday,656,1727468889,Jesse Guzman
True,2024-09-27,Friday,43172,1727408882,Jake Bunch
True,2024-09-28,Saturday,1099,1727561212,Margaret Seikel
True,2024-09-30,Monday,310,1730767173,Alexander Liebeskind
True,2024-10-01,Tuesday,324,1730766838,Kevin Curry and Jeff Chen
True,2024-10-02,Wednesday,679,1727994600,Luke K. Schreiber
True,2024-10-03,Thursday,1305,1727974533,Rena Cohen
True,2024-10-04,Friday,768,1728090996,Zhouqin Burnikel
True,2024-10-05,Saturday,1341,1728139310,Natan Last
True,2024-10-07,Monday,518,1728317125,Desir√©e Penner and Jeff Sinnock
True,2024-10-08,Tuesday,368,1728426445,Justin Werfel
True,2024-10-09,Wednesday,388,1728525789,Jeffrey Lease
True,2024-10-10,Thursday,805,1728518099,Grant Boroughs
True,2024-10-11,Friday,960,1728672916,Billy Bratton
True,2024-10-12,Saturday,3015,1728751637,Katie Hoody
True,2024-10-14,Monday,375,1728879674,Dana Edwards
True,2024-10-15,Tuesday,468,1729133360,Lindsay Rosenblum
True,2024-10-16,Wednesday,486,1729117336,Hanh Huynh
True,2024-10-17,Thursday,603,1729176649,August Lee-Kovach
True,2024-10-18,Friday,915,1729220992,Jesse Cohn
True,2024-10-19,Saturday,1258,1729350018,August Miller
True,2024-10-21,Monday,461,1729472354,Neil Padrick Wilson
True,2024-10-22,Tuesday,441,1729614169,Barbara Lin
True,2024-10-23,Wednesday,559,1729695366,Matthew Stock and Brooke Husic
True,2024-10-24,Thursday,1040,1729782509,Ella Dershowitz
True,2024-10-25,Friday,1730,1729956326,Alex Murphy
True,2024-10-26,Saturday,963,1729957352,Peter A. Collins
True,2024-10-28,Monday,272,1730317668,Michael Lieberman
True,2024-10-29,Tuesday,284,1730216390,Kathy Lowden
True,2024-10-30,Wednesday,637,1730297881,Josh M. Kaufmann
True,2024-10-31,Thursday,734,1730385265,Sarah Sinclair and Paolo Pasco
True,2024-11-01,Friday,826,1730490780,Spencer Leach
True,2024-11-02,Saturday,1599,1730558482,Blake Slonecker
True,2024-11-03,Sunday,2044,1730652053,Sid Sivakumar
True,2024-11-04,Monday,348,1730731990,Colin Adams
True,2024-11-05,Tuesday,398,1730817258,Evan Kalish
True,2024-11-11,Monday,317,1731636924,Patrick Gramza and John Kugelman
True,2024-11-12,Tuesday,478,1731637411,Avery Gee Katz and Aaron Gee
True,2024-11-13,Wednesday,499,1731640532,Todd Gross
True,2024-11-14,Thursday,495,1731623352,Matthew Faiella
True,2024-11-15,Friday,891,1731709177,Alina Abidi
True,2024-11-16,Saturday,1081,1731770545,Peter Gordon
True,2024-11-17,Sunday,1238,1732229362,Rebecca Goldstein and Ariela Perlman
True,2024-11-18,Monday,327,1731939312,Rajeswari Rajamani
True,2024-11-19,Tuesday,369,1732034499,Erik Agard
True,2024-11-20,Wednesday,452,1732129022,Robert S. Gard
True,2024-11-21,Thursday,889,1732287095,Katie Hoody
True,2024-11-22,Friday,1312,1732288553,Sarah Sinclair and Rafael Musa
True,2024-11-23,Saturday,745,1732401998,Ryan McCarty
True,2024-11-25,Monday,322,1732554646,Dena R. Witkes
True,2024-11-26,Tuesday,462,1732725063,Killian Olson
True,2024-11-27,Wednesday,521,1732727153,Jill Singer
True,2024-11-28,Thursday,758,1732809677,Ricky J. Sirois
True,2024-11-29,Friday,1431,1732897747,Willa Angel Chen Miller and Matthew Stock
True,2024-11-30,Saturday,576,1732990338,Oliver Goodridge and Juan Garavito
True,2024-12-02,Monday,270,1733166762,Andrea Carla Michaels and Kevin Christian
True,2024-12-03,Tuesday,352,1733248425,Henry Lin-David
True,2024-12-04,Wednesday,559,1733339248,Daniel Raymon
True,2024-12-05,Thursday,602,1733431331,Garrett Chalfin
True,2024-12-06,Friday,651,1733498524,Robyn Weintraub
True,2024-12-07,Saturday,1879,1733589442,Luke K. Schreiber
True,2024-12-09,Monday,353,1733711584,Elliot Caroll
True,2024-12-10,Tuesday,346,1733847663,Brian Callahan and Geoffrey Schorkopf
True,2024-12-11,Wednesday,371,1733935324,Kathy Bloomer and Jeff Chen
True,2024-12-12,Thursday,640,1734022534,Daniel Bodily
True,2024-12-13,Friday,1058,1734063213,Ryan Patrick Smith
True,2024-12-14,Saturday,941,1734191343,Owen Bergstein
True,2024-12-16,Monday,303,1734317104,Ailee Yoshida
True,2024-12-17,Tuesday,333,1734459959,Kathy Lowden
True,2024-12-18,Wednesday,492,1734559945,Jeffrey Martinovic and Will Nediger
True,2024-12-19,Thursday,594,1734583239,Brandon Koppy
True,2024-12-20,Friday,669,1734718294,Henry Josephson
True,2024-12-21,Saturday,1434,1734806257,Barbara Lin and Lewis Rothlein
True,2024-12-23,Monday,247,1734917640,Glenn Cook
True,2024-12-24,Tuesday,392,1735056891,Sarah Sinclair
True,2024-12-25,Wednesday,359,1735238754,Jacob McDermott
True,2024-12-26,Thursday,431,1735238247,Ella Dershowitz
True,2024-12-27,Friday,886,1735319460,Jem Burch
True,2024-12-28,Saturday,778,1735356168,Sam Berriman
True,2024-12-30,Monday,301,1735530736,Hannah Binney
True,2024-12-31,Tuesday,441,1735656534,Michael Lieberman
True,2025-01-01,Wednesday,520,1735783539,Seth Bisen-Hersh and Jeff Chen
True,2025-01-02,Thursday,760,1735851458,Robert Charlton
True,2025-01-03,Friday,735,1735923851,Colin Adams
True,2025-01-04,Saturday,838,1736013807,Sam Ezersky
True,2025-01-06,Monday,314,1736225012,Rena Cohen
True,2025-01-07,Tuesday,541,1736294800,Dana Edwards
True,2025-01-08,Wednesday,623,1736368705,Laura Dershewitz
True,2025-01-09,Thursday,954,1736614061,David P. Williams
True,2025-01-10,Friday,705,1736630286,Robert Logan
True,2025-01-11,Saturday,976,1736649642,Ryan McCarty
True,2025-01-13,Monday,275,1736787918,Adam Levav
True,2025-01-14,Tuesday,429,1737131646,Lance Enfinger
True,2025-01-15,Wednesday,338,1736980321,Parker Higgins
True,2025-01-16,Thursday,649,1737079149,Rebecca Goldstein and Adam Wagner
True,2025-01-17,Friday,626,1737127254,Willa Angel Chen Miller
True,2025-01-18,Saturday,924,1737221550,Scott McMahon
True,2025-01-20,Monday,346,1737405683,Katie Byl and Jeff Chen
True,2025-01-21,Tuesday,531,1737516042,Dan Caprera
True,2025-01-22,Wednesday,334,1737516384,Landon Horton
True,2025-01-23,Thursday,548,1737651712,Natan Last and the J.A.S.A. Crossword Class
True,2025-01-24,Friday,606,1737736850,Ernest Lim
True,2025-01-25,Saturday,1908,1737823713,Michael Lieberman
True,2025-01-27,Monday,348,1737993472,Alexander Liebeskind
True,2025-01-28,Tuesday,304,1738078907,Dan Margolis
True,2025-01-29,Wednesday,527,1738162554,Sophia Maymudes
True,2025-01-30,Thursday,539,1738291567,Joe Marquez
True,2025-01-31,Friday,658,1738295897,Adrian Johnson
True,2025-02-01,Saturday,613,1738515134,Kate Chin Park and Rafael Musa
True,2025-02-03,Monday,337,1738596081,Jack Scherban
True,2025-02-04,Tuesday,444,1738640742,Adam Aaronson
True,2025-02-05,Wednesday,459,1738775921,Kiran Pandey
True,2025-02-06,Thursday,587,1738860581,Aidan Deshong and Jacob Reed
True,2025-02-07,Friday,787,1738947698,Kelly Morenus
True,2025-02-08,Saturday,592,1739039848,Alina Abidi
True,2025-02-10,Monday,288,1739288114,Emily Rourke
True,2025-02-11,Tuesday,353,1739325944,Paul Coulter
True,2025-02-12,Wednesday,664,1739376221,Philip Koski
True,2025-02-13,Thursday,865,1739423687,Jem Burch
True,2025-02-14,Friday,418,1739640915,Sarah Sinclair
True,2025-02-15,Saturday,2519,1739657397,David P. Williams
True,2025-02-17,Monday,303,1739845055,Kate Hawkins and Erica Hsiung Wojcik
True,2025-02-18,Tuesday,268,1739898813,Erik Agard
True,2025-02-19,Wednesday,611,1739979885,Joe Deeney
True,2025-02-20,Thursday,15237,1740197459,Peter Gorman
True,2025-02-21,Friday,1086,1740239948,Colin Adams
True,2025-02-22,Saturday,730,1740240877,Rose Conlon
True,2025-02-24,Monday,268,1740622715,Rena Cohen
True,2025-02-25,Tuesday,446,1741141186,Greg Snitkin
True,2025-02-26,Wednesday,588,1741147630,Dan Caprera
True,2025-02-27,Thursday,637,1742182786,David Steinberg
True,2025-03-03,Monday,241,1741015017,Harrison Walden
True,2025-03-04,Tuesday,316,1742180306,Hanh Huynh
True,2025-03-05,Wednesday,430,1742180856,Rebecca Goldstein
True,2025-03-06,Thursday,940,1742182050,Kiran Pandey
True,2025-03-07,Friday,500,1741741043,Malaika Handa
True,2025-03-08,Saturday,857,1741534805,Joe Deeney
True,2025-03-10,Monday,339,1741655187,Patti Varol
True,2025-03-11,Tuesday,401,1741701641,Jared Cappel
True,2025-03-12,Wednesday,415,1741822938,Chandi Deitmer and Kate Hawkins
True,2025-03-13,Thursday,615,1742162683,Rich Proulx and Simeon Seigel
True,2025-03-14,Friday,1078,1742228740,Brandon Koppy
True,2025-03-15,Saturday,589,1742044428,Ryan McCarty
True,2025-03-17,Monday,283,1742237892,Kathy Lowden
True,2025-03-18,Tuesday,337,1742308427,Larry Snyder and Jonathan Kaufman
True,2025-03-19,Wednesday,416,1742531204,Evan Park and Jeffrey Martinovic
True,2025-03-20,Thursday,431,1742490003,Daniel Grinberg
True,2025-03-21,Friday,551,1742752081,Boaz Moser and Jacob Reed
True,2025-03-22,Saturday,743,1742757529,Katie Hoody
True,2025-03-24,Monday,239,1742841005,Victor Schmitt
True,2025-03-25,Tuesday,407,1742926463,Bob Benson
True,2025-03-26,Wednesday,511,1742964101,Nathan Hale
True,2025-03-27,Thursday,843,1743136681,Brad Lively
True,2025-03-28,Friday,669,1743197194,Zhouqin Burnikel
True,2025-03-29,Saturday,747,1743264002,Christina Iverson and Jacob McDermott
True,2025-03-31,Monday,338,1743432666,Ryan Mathiason
True,2025-04-01,Tuesday,427,1743515859,Sande Milton
True,2025-04-02,Wednesday,670,1743640399,Daniel Bodily
True,2025-04-03,Thursday,1146,1744767973,Hanh Huynh
True,2025-04-04,Friday,787,1743827937,Karen Steinberg
True,2025-04-05,Saturday,635,1744223754,Rafael Musa
True,2025-04-06,Sunday,1392,1744329193,Kareem Ayas
True,2025-04-07,Monday,350,1744768335,Jeffrey Lease and Jeff Chen
True,2025-04-08,Tuesday,402,1745204320,Barbara Lin
True,2025-04-09,Wednesday,471,1749182027,Aidan Deshong and Oren Hartstein
True,2025-04-10,Thursday,534,1744328565,Adam Wagner
True,2025-04-14,Monday,275,1744747900,Stacy Cooper and Ken Cohen
True,2025-04-15,Tuesday,386,1744734719,Per Bykodorov
True,2025-04-16,Wednesday,670,1744831178,Kathy Bloomer
True,2025-04-17,Thursday,692,1744915368,Ilan Kolkowitz and Shimon Kolkowitz
True,2025-04-18,Friday,747,1745031706,Greg Snitkin and Glenn Davis
True,2025-04-19,Saturday,709,1745034674,Alex Tomlinson
True,2025-04-21,Monday,280,1745203864,Thomas van Geel
True,2025-04-22,Tuesday,19446,1745513845,Alex Eaton-Salners
True,2025-04-23,Wednesday,447,1745427150,Brandon Koppy
True,2025-04-24,Thursday,607,1745516184,Kathleen Duncan
True,2025-04-25,Friday,803,1745556011,Adrian Johnson
True,2025-04-28,Monday,302,1745857228,Sue Fracker
True,2025-04-29,Tuesday,419,1745944803,Gene Louise De Vera
True,2025-04-30,Wednesday,466,1746112807,Adam Vincent
True,2025-05-01,Thursday,508,1746581024,Aidan Deshong and Adam Levav
True,2025-05-02,Friday,754,1746201561,Robyn Weintraub
True,2025-05-03,Saturday,787,1746645348,Michael Lieberman
True,2025-05-05,Monday,253,1746549796,Eric Rollfing
True,2025-05-06,Tuesday,420,1746560642,Enrique Henestroza Anguiano
True,2025-05-08,Thursday,1257,1746726048,Dan Caprera
True,2025-05-12,Monday,265,1747168743,Christina Iverson
True,2025-05-13,Tuesday,365,1747144863,Joe Rodini
True,2025-05-14,Wednesday,529,1747247235,Rebecca Goldstein and Adam Wagner
True,2025-05-15,Thursday,921,1747618913,Simeon Seigel
True,2025-05-16,Friday,665,1747619737,August Lee-Kovach
True,2025-05-17,Saturday,908,1747665576,Ryan Judge
True,2025-05-19,Monday,231,1747709413,Kiran Pandey
True,2025-05-20,Tuesday,283,1747779027,Rena Cohen
True,2025-05-21,Wednesday,358,1747795422,Ilana Levene and Scott Hogan
True,2025-05-22,Thursday,926,1748370866,David J. Kahn
True,2025-05-23,Friday,611,1748016431,Kate Hawkins
True,2025-05-26,Monday,290,1748659106,Ari Halpern
True,2025-05-27,Tuesday,411,1748361381,Ginny Too
True,2025-05-28,Wednesday,451,1748659728,Peter A. Collins
True,2025-05-29,Thursday,753,1748836206,John Kugelman
True,2025-05-30,Friday,491,1748925988,Rafael Musa
True,2025-06-02,Monday,273,1749088552,Anthony V. Grubb
True,2025-06-03,Tuesday,300,1748984431,Boaz Moser
True,2025-06-09,Monday,376,1750036341,Aimee Lucido
True,2025-06-10,Tuesday,498,1750048698,Zachary David Levy
True,2025-06-11,Wednesday,425,1750049153,Sam Koperwas and Jeff Chen
True,2025-06-12,Thursday,760,1750035965,Daniel Bodily
True,2025-06-13,Friday,789,1750199148,Evan Mulvihill
True,2025-06-14,Saturday,1245,1750324331,Barbara Lin
True,2025-06-16,Monday,385,1750383164,Jill Rafaloff and Michelle Sontarp
True,2025-06-17,Tuesday,364,1750385569,Tarun Krishnamurthy
True,2025-06-18,Wednesday,681,1750386344,Eli Cotham
True,2025-06-23,Monday,319,1751150921,Zhouqin Burnikel
True,2025-06-24,Tuesday,416,1751160885,Ingrid Steffensen
True,2025-06-27,Friday,619,1751150452,Carolyn Davies Lynch
True,2025-07-01,Tuesday,223,1751402675,Adam Aaronson and Michael Garbus
True,2025-07-30,Wednesday,446,1753898932,Thomas Byrne and Daniel Bodily
True,2025-08-13,Wednesday,425,1755117728,Jared Cappel
True,2025-08-15,Friday,700,1755268229,Dena R. Verkuil
True,2025-08-18,Monday,272,1755550021,Andrea Carla Michaels and Christina Iverson
True,2025-08-21,Thursday,828,1755801264,Simeon Seigel
True,2025-08-22,Friday,767,1755883747,Gia Bosko
True,2025-08-25,Monday,315,1756148541,Ryan Mathiason
True,2025-09-04,Thursday,892,1757005629,Colin Ernst
True,2025-09-19,Friday,1004,1758307169,Erica Hsiung Wojcik
True,2025-09-22,Monday,390,1758557733,Dena R. Verkuil and Andrea Carla Michaels
True,2025-09-23,Tuesday,293,1758644954,Jacob Stulberg
True,2025-10-20,Monday,212,1760986093,Adam Aaronson
